image,IoU,TP,FP,FN,ground_truth_petroleum_pixels,predicted_petroleum_pixels
Oil-Pollution_original_oil-25-jpg_bca35ee1-363d-4366-98b4-2b162757f6b0_jpg.rf.55a0aeaa39617400ca4024b647816ab2.jpg,1.0,173056,0,0,173056,173056
Oil-Pollution_original_oil-25-jpg_40d61c8d-abaa-4323-b643-b2629168b719_jpg.rf.4d2355e419da3c2030a0edfdb8b43cce.jpg,1.0,173056,0,0,173056,173056
IMG20230604100545_01_jpg.rf.b4f8ff4481cf24ebf4969a78ec280750.jpg,0.9984375,408960,0,640,409600,408960
Oil-Pollution_original_oil-25-jpg_bca35ee1-363d-4366-98b4-2b162757f6b0_jpg.rf.a7fdc02387de832ef9d8fe1a8d61246d.jpg,0.9984375,408960,0,640,409600,408960
122_jpg.rf.5c2d1a98f8c3ea9c26faad42e3142089.jpg,0.9982275390625,408874,0,726,409600,408874
Train1-119-_jpg.rf.cef0e6c3640c75dd6b8f5d86fe16acc4.jpg,0.9978166951994158,408577,383,511,409088,408960
Oil-Pollution_original_oil-4-jpg_5f915df7-e4a2-4da5-ad4e-8c39ff851e55_jpg.rf.55c405390e5cfe0345c619291005daac.jpg,0.9975961538461539,172640,0,416,173056,172640
Oil-Pollution_original_oil-25-jpg_a2a798c1-9b9f-42e9-b804-dedcb617cecf_jpg.rf.06264fc57eeedd120cf6d533f0851728.jpg,0.9975961538461539,172640,0,416,173056,172640
Oil-Pollution_original_oil-28-jpg_c9906bba-d0ec-47ae-874a-17023b93ba46_jpg.rf.3dea078f43264ce32652fbf00c5d7d4f.jpg,0.9975788184171598,172637,0,419,173056,172637
IMG_1041_JPG_jpg.rf.addcddd4894c89a9ed0f2f44fcea4b5f.jpg,0.9975156677853579,381045,188,761,381806,381233
IMG20230604100552_jpg.rf.09dfa8479d42c5d8b20fefbaa7c59234.jpg,0.996875,408320,0,1280,409600,408320
Train1-117-_jpg.rf.845c1c2b145cd8d1d0b6e5f6d8024028.jpg,0.9967631057572744,408018,255,1070,409088,408273
neft_ecologiya-1536x864_jpg.rf.935c4c41cc6eeb742cf6861ba2b3f36d.jpg,0.9966761911739566,408109,851,510,408619,408960
Train1-231-_jpg.rf.33009a9336863484415911c1c8b6d1c1.jpg,0.9962585781620144,407938,382,1150,409088,408320
9c9cf8c86d88a0f62bf22ba6931467bd_jpg.rf.d0f638b9ff16d3d4228568094d7b85ba.jpg,0.9959130859375,407926,0,1674,409600,407926
Train1-208-_jpg.rf.ca0538eef3212e5ab8cee4385851124e.jpg,0.9953241918107397,407427,253,1661,409088,407680
Oil-Pollution_original_oil-13-jpg_6b4e5098-3dad-4288-9336-5222c53f3a41_jpg.rf.8e52eb827f14b95ad2f7b2ee117eacb7.jpg,0.9945104474852071,172106,0,950,173056,172106
neft_ecologiya-1536x864_jpg.rf.349adc3e0050f4865a712d7469922df4.jpg,0.99447509765625,407337,2263,0,407337,409600
IMG20230604100544_01_jpg.rf.74f4eca58d7376fd34ac145f19ac0802.jpg,0.994447783032425,380605,1020,1105,381710,381625
5515a_jpg.rf.e33c1f0a78f49f97ba8b87c853de4ceb.jpg,0.9939583498065676,339400,2058,5,339405,341458
122_jpg.rf.980c61c201f42b52f2aa8d27bc4fccb2.jpg,0.99374267578125,407037,1022,1541,408578,408059
Copy-of-IMG_1044_JPG_jpg.rf.419c73ab19cb0721c62d796fb4ef80e0.jpg,0.9931552175898454,406706,2254,549,407255,408960
Copy-of-IMG_0915_JPG_jpg.rf.a046dcb91423b4499fb848b432b305a6.jpg,0.99302734375,406744,2175,681,407425,408919
Oil-Pollution_original_oil-17-jpg_0e4224e4-4599-4241-85d3-fc44ce1bdb2f_jpg.rf.b6f6291bbbca1f2aac6d45b984d2ef01.jpg,0.9928000184911243,171810,0,1246,173056,171810
Oil-Pollution_original_oil-4-jpg_65b289d2-e38a-4a5e-9a11-aa9cbc9b4b73_jpg.rf.aae3542abdd19e5d920b7f72acd02f49.jpg,0.9927884615384616,171808,0,1248,173056,171808
1324021_jpg.rf.fd0954147d4e18a0f352f40d943fc231.jpg,0.9925519471163825,406453,595,2455,408908,407048
Oil-Pollution_original_oil-17-jpg_0e4224e4-4599-4241-85d3-fc44ce1bdb2f_jpg.rf.dc59c2acd186b4fea2b1e368941583ef.jpg,0.9917887851331361,171635,0,1421,173056,171635
oilspill-268x300_jpg.rf.e09f6068d04a26b359283387e17e4802.jpg,0.9917395110283692,402195,1739,1611,403806,403934
0x0-marmara-denizi-neden-turuncuya-burundu-iste-sebebi-1588423106487_jpg.rf.8272c7201705199a37c403de99c173c2.jpg,0.9906527978504692,243339,128,2168,245507,243467
Oil-Pollution_original_oil-2-jpg_9be70618-21b3-4e79-ab28-83eaa6ad3fdb_jpg.rf.dc0d2dd65fe78fe354bb4770bcbed425.jpg,0.9890705208410829,146241,3,1613,147854,146244
2014-03-23T134048Z_01_TOR900_RTRIDSP_3_USA-OIL-SPILL_jpg.rf.fd51ebf2a353175ddba900da82a1d89b.jpg,0.9888562111898149,253519,546,2311,255830,254065
Train1-294-_jpg.rf.474b9e1664648da70feb96c2e3aa1d2b.jpg,0.9888514148812242,404904,2811,1754,406658,407715
Copy-of-IMG20230604100621_01_jpg.rf.6d1d4d7516e9c78addadf40a5110be54.jpg,0.9882106764394724,338140,3496,538,338678,341636
Copy-of-IMG20230604100618_01_jpg.rf.b69a7ce2d3c2b415cd664d6d25c78c2c.jpg,0.9880625458224019,386784,3727,946,387730,390511
Copy-of-IMG20230604100617_01_jpg.rf.4fdde9815a21b85a0f8c69d2222485dd.jpg,0.9875094930294913,404396,3925,1190,405586,408321
Oil-Pollution_original_oil-2-jpg_4d194df5-32b2-408c-a243-da6a74ebe3f1_jpg.rf.5618ba903d1bed6d8bba9d0317f65b10.jpg,0.9842126463836623,202798,612,2641,205439,203410
36_jpg.rf.d41dd0882642faae96272057669bfc7f.jpg,0.98388671875,403000,0,6600,409600,403000
cb_jpg.rf.a56ffc24d96b801e8032d38975025327.jpg,0.983427917992799,277782,3517,1164,278946,281299
Train1-295-_jpg.rf.66c3e1b3fba8ad76a885dba2585cd75d.jpg,0.983426571187163,399223,5573,1155,400378,404796
Oil-Pollution_original_oil-2-jpg_7292d436-7d59-476d-9e6a-0c0f30d7c234_jpg.rf.825c9fdacc890cf14e83f4af871a4b20.jpg,0.982421875,170014,0,3042,173056,170014
Oil-Pollution_original_oil-17-jpg_0e4224e4-4599-4241-85d3-fc44ce1bdb2f_jpg.rf.3cc2d5ccb02b0b10ffb65b189619106f.jpg,0.9822022928994083,169976,54,3026,173002,170030
istockphoto-1339711065-640x640_jpg.rf.afaa9396185bfc5112c15cb5e46af29d.jpg,0.9811026002822012,97345,1209,666,98011,98554
IXTOC_I_oil_well_blowout_2_jpg.rf.733986cd189a078d82cd72ffc736389a.jpg,0.9791289147851421,168043,892,2690,170733,168935
Train1-91-_jpg.rf.07a4c000a4c7a02dd2ed24bf960189bc.jpg,0.978523155410259,400488,1335,7455,407943,401823
IMG_1046_JPG_jpg.rf.79a4b24f9f4caf2f9c59f19dda7364b0.jpg,0.9781695663965247,400356,7911,1024,401380,408267
neft_ecologiya-1536x864_jpg.rf.0d689cc802674e4535daa2668f5c9f69.jpg,0.9771021635231799,400095,250,9126,409221,400345
Oil-Pollution_original_oil-8-jpg_6523323e-bd79-489f-b142-05669b7db508_jpg.rf.6665420bce4e6f9e6c98b35b18afb0a4.jpg,0.9764679787062429,242125,3158,2677,244802,245283
IMG20230604100557_01_jpg.rf.4a4fe20e017d4aa83004561965f838d9.jpg,0.9737359568152499,388730,9728,757,389487,398458
Oil-Pollution_original_oil-2-jpg_4d194df5-32b2-408c-a243-da6a74ebe3f1_jpg.rf.b3d0460ab749664ff36d3ecbb98db227.jpg,0.9735345784023669,168476,0,4580,173056,168476
Oil-Pollution_original_oil-2-jpg_7292d436-7d59-476d-9e6a-0c0f30d7c234_jpg.rf.9efa615c4be1e77b3198364e2f414504.jpg,0.9709100651456611,137710,912,3214,140924,138622
5fd2d380-7151-4754-98dc-9d1097556ad2_jpg.rf.45dba1bcf74aa172e436d5e00fd25d2f.jpg,0.9685896477855827,155540,69,4975,160515,155609
train3-7-_jpg.rf.bf0565c32286556b4cf2745b7679f81a.jpg,0.9682597709110966,150973,2003,2946,153919,152976
Oil-Pollution_original_oil-2-jpg_7292d436-7d59-476d-9e6a-0c0f30d7c234_jpg.rf.c58cfd79a81ad6b3ec961896040cfb04.jpg,0.9670222355769231,167349,0,5707,173056,167349
1324021_jpg.rf.27ec795679ab2f7bd363682b94f43a75.jpg,0.9653690298717732,376882,12783,737,377619,389665
Oil-Pollution_original_oil-17-jpg_0e4224e4-4599-4241-85d3-fc44ce1bdb2f_jpg.rf.65f8cf704e1fa0d3697b75a9512fd406.jpg,0.9646431956355903,166918,5722,396,167314,172640
11_jpg.rf.88916df4cfcb334622ec4e3af6a444c5.jpg,0.9644244084532483,384435,10899,3282,387717,395334
Train1-58-_jpg.rf.1ecb7ec0944393cf3dffa9cc1ceed466.jpg,0.9643142550084047,244958,6685,2380,247338,251643
Oil-Pollution_original_oil-4-jpg_62036c89-d616-444c-a0c8-49a9411de6d9_jpg.rf.8e402c5f7b745968671f0988443ff67b.jpg,0.9614152928391408,166321,6319,356,166677,172640
slide_21_jpg.rf.78201a0a98d9255456eb67f51116f5dd.jpg,0.9596378146101903,181337,4901,2726,184063,186238
train3-102-_jpg.rf.fc8a10bda6bb3dd7921734900321fdcb.jpg,0.9561724154206809,182322,6880,1477,183799,189202
train3-63-_jpg.rf.b6039640fe2dcc3635d55e2a2a742ad9.jpg,0.9557422859424021,390242,377,17694,407936,390619
Train1-263-_jpg.rf.744b97f96313288e9cbf180f69c348c6.jpg,0.9529698813966478,278089,7021,6703,284792,285110
5fd2d380-7151-4754-98dc-9d1097556ad2_jpg.rf.f30d07a365d331d79bc400df2fd0b3df.jpg,0.9504213623217314,152478,186,7768,160246,152664
train3-10-_jpg.rf.078ded50daebe72c80a40a881ecc5c8a.jpg,0.9474875016521922,121863,811,5943,127806,122674
istockphoto-943417892-612x612_jpg.rf.1a1c0ff464b7137002ce169bce42e4ae.jpg,0.9463978211659624,185211,3254,7236,192447,188465
OIP-26-_jpg.rf.90f658221f64cad8b508343b08c848a4.jpg,0.9460156895127994,210795,5526,6503,217298,216321
12123aa_jpg.rf.545dc66245c31f57ef6f2f4825c24ad2.jpg,0.9452963314188242,316990,143,18201,335191,317133
Copy-of-IMG20230604100557_jpg.rf.a6e20de41706e8201d1ea957d2cf70af.jpg,0.944794921875,386988,21332,1280,388268,408320
train3-87-_jpg.rf.863c7ea1c0c3924d44e9ca6e7dbbff05.jpg,0.9441986572177872,212778,12060,515,213293,224838
train3-21-_jpg.rf.2678b114478198a1edaa0aa06c84340a.jpg,0.944143736422882,104309,5085,1086,105395,109394
1324021_jpg.rf.1021867167c2364126c6b579c29f00b9.jpg,0.9433506389776358,377944,22366,330,378274,400310
rawImage_jpg.rf.abcea68bcb9b6c8d4258d03173b4e4a0.jpg,0.9431478722817306,119660,7016,197,119857,126676
ba_oil_spill_0299_kr_jpg.rf.c0686b90781606691d0a6e02b3ad4ede.jpg,0.9429852128750538,171033,1358,8983,180016,172391
4698022279_855d7d6dda_b-333x500_jpg.rf.305da1f15cf9ec6ff2ed1e02fece5429.jpg,0.9419831970525256,385809,9608,14154,399963,395417
IMG20230604100556_01_jpg.rf.12561983823e68f9ff4150b65453dfc3.jpg,0.9410874171698738,384166,23516,533,384699,407682
ba_oil_spill_0299_kr_jpg.rf.813343c53a8fd401798d5cd35a4b186c.jpg,0.9402211238586339,167019,6374,4245,171264,173393
9_jpg.rf.1f9554c065a08d33b0b0b88bec2c4217.jpg,0.939097440632484,325463,8880,12227,337690,334343
IMG20230604100451_01_jpg.rf.d407614726f5081853f19e215f090f73.jpg,0.9372498265791106,382367,24960,640,383007,407327
46_jpg.rf.d7693b9c4576c832a9f3680951f4b10e.jpg,0.9372225536009208,312679,574,20370,333049,313253
oil_slipps-750x453_jpg.rf.d2c901c3f6ec53e05e69513cb6a329cc.jpg,0.93387939453125,382517,27077,6,382523,409594
Train1-79-_jpg.rf.7d50f5188ec8aa93266ed55b5cfb8b69.jpg,0.9320065848928489,381584,1465,26373,407957,383049
5d0113c738e37-image_jpg.rf.808a30663e3c3bae1e853a9d01488785.jpg,0.9277949410596661,184094,773,13554,197648,184867
OIP-41-_jpg.rf.28528c2bae7d7eedb0b4bb82b2eb3d5d.jpg,0.9268097248280175,379384,27867,2093,381477,407251
Screenshot-2023-04-27-174732_jpg.rf.01ae23087450cdb596e765cc62637dfd.jpg,0.9263747042871155,48165,3607,221,48386,51772
117572155_164404771907517_4717111039099173130_n_jpg.rf.3816a944e7fdb14e917e54a1189e4d0d.jpg,0.9257567948208676,281992,13124,9491,291483,295116
Train1-108-_jpg.rf.cba42e83b6d1b6ccc65a0dca94c83847.jpg,0.92547487930909,228894,10462,7970,236864,239356
7c67e730-99ab-420d-a5ee-e383c1259e06_w1023_r1_s_jpg.rf.94c849e24221b3d9891a29646d83e2b4.jpg,0.9245861252717734,124600,55,10108,134708,124655
45_jpg.rf.01a1afe4c86a353073736923d1d61551.jpg,0.9235455643832607,126124,5268,5173,131297,131392
5d13daec4d808-image_jpg.rf.b83bfa9975fd91bf8f132e24adc4fd36.jpg,0.9199876872563103,179324,4228,11368,190692,183552
R-65-_jpg.rf.289bd750f296b69daa9009b919716cab.jpg,0.9185551672836729,132745,11744,26,132771,144489
Oil-Pollution_original_oil-8-jpg_6523323e-bd79-489f-b142-05669b7db508_jpg.rf.7a277cac6cf643668f3ec0fecaf9a526.jpg,0.9185502500073102,188481,14754,1959,190440,203235
Train1-299-_jpg.rf.71344e6f4495661df97b98b47cd7e822.jpg,0.918219481928064,375886,30575,2903,378789,406461
OIP-40-_jpg.rf.2652b2b0474ff1b3d54a6ad657c33984.jpg,0.9182095258988804,117192,1208,9231,126423,118400
Copy-of-IMG20230604100608_01_jpg.rf.16b5bf527d13c85eee383a0d6b0e89f5.jpg,0.9177874472573839,375867,10399,23270,399137,386266
101300494-jpg-0_jpg.rf.d8bd11a6c875a6219b6a406ad33ad790.jpg,0.9160154746323812,190370,12571,4883,195253,202941
96_jpg.rf.f39756d12daec59dd1476583bc760945.jpg,0.9131162484099723,177308,5862,11009,188317,183170
4699587507_4915509d38_b_jpg.rf.3132d14d7640bc27df22ede9ee2d8fd6.jpg,0.9130341014891457,173576,3961,12572,186148,177537
a9e21f18_a5c1_428c_a59c_b6bed17bef93_640_jpg.rf.eb9ac9381d1aa3140df9d2a44ef4a8e9.jpg,0.9130032633285952,228018,15839,5888,233906,243857
Train1-63-_jpg.rf.36a3f01f81f79f48d3da16ee2d817147.jpg,0.9101265937601098,301018,28746,979,301997,329764
nwfsc-feature-heart-failure-oil-spill_jpg.rf.4eedb0812faae76abfbf8690ed38f75e.jpg,0.9090825684247401,217988,21159,642,218630,239147
neft_ecologiya-1536x864_jpg.rf.0a4d5d4baf75b7d8e8384398bddbb9be.jpg,0.9083796760755851,220025,7029,15163,235188,227054
da5c3e9667a512911919cae510da66bf_jpg.rf.fa28a329bf7fb355fd30635421943452.jpg,0.9070168682589883,299126,24959,5706,304832,324085
Oil-Pollution_original_oil-4-jpg_65b289d2-e38a-4a5e-9a11-aa9cbc9b4b73_jpg.rf.1a106411f28892c8b5d02a88b4a768ed.jpg,0.9064977025335744,306379,1463,30139,336518,307842
7680_jpg.rf.6aeb1021b2330fd07318bb052957df51.jpg,0.903283622567646,306420,7838,24971,331391,314258
9048_jpg.rf.ec6cf272f7e16e907e14e5eede34819f.jpg,0.9017297646727627,172968,6328,12522,185490,179296
6288_jpg.rf.01999a6ab6a270def071911757bd2a62.jpg,0.900966499337656,206761,20581,2146,208907,227342
_____thumb_fed_photo_jpg.rf.9c25e8172362cc3848c5c229b7132ee4.jpg,0.8988537749642705,218239,21231,3327,221566,239470
8544_jpg.rf.b17918083a9fe304e695da016abd33ed.jpg,0.8968645993850224,254923,10839,18476,273399,265762
los-angeles-massive-raw-sewage-spill-leads-to-17-million-gallon-leak-authorities-conduct-bacteria-tests-on-closed-beaches_jpg.rf.a7220d694d486b9bce3ea4bde7a1afe3.jpg,0.8964788706917447,247802,15660,12955,260757,263462
7c67e730-99ab-420d-a5ee-e383c1259e06_w1023_r1_s_jpg.rf.413bd2587a36ba8280edec78e53ea1e1.jpg,0.8962629742913835,125121,2,14480,139601,125123
60_jpg.rf.afdd38f9d5b18ba944945c5b37c79f81.jpg,0.8946281767333608,166824,13882,5767,172591,180706
81_jpg.rf.e89fbc3e9b166c6114602b8411e90c4f.jpg,0.8938048789123354,201957,1399,22596,224553,203356
6264_jpg.rf.2e8b29fa0dfa46678cc408c2dff23868.jpg,0.8934400603015936,208612,14877,10004,218616,223489
6288_jpg.rf.9cc1a5423ebbdf1c1c1b0bef72b2ff94.jpg,0.8920661145354543,252692,28880,1694,254386,281572
53_jpg.rf.72c1980e789828f4ff0346f9ba70fad9.jpg,0.8907614023621679,57243,2850,4170,61413,60093
5448_jpg.rf.edc4a49c27b820735865f7c492cbaa2b.jpg,0.8905885776327358,284633,1794,33174,317807,286427
101300494-jpg-0_jpg.rf.2d6b69ba01315c14d7ecab0093f077cc.jpg,0.8864491552260492,190349,10896,13487,203836,201245
6a00d83451b96069e2014e8623d483970d-800wi_jpg.rf.f4d876a976ffc85a512b5ecd7f655b11.jpg,0.8842974720752499,150419,9493,10188,160607,159912
R-41-_jpg.rf.3825d1122bf3705f22db45b5c9058bc2.jpg,0.8841883583197508,109581,8624,5729,115310,118205
2023-04-27-173541_jpg.rf.87285bba15e7ac5fd15e19f09ed3dbd3.jpg,0.8834319777550266,145829,10973,8269,154098,156802
71_jpg.rf.24ea65af6788d4fec9418443a54f7d4a.jpg,0.8826049361897552,245997,15118,17602,263599,261115
240_F_476756527_pYVis0hzo1NpKGwMVnFCgzfzUBMmMQk7_jpg.rf.c5a062478235292bce28b936e0b009ae.jpg,0.8807887481519958,88174,11751,183,88357,99925
45C40D9F-979A-4E85-8A69-26DF9C965E55_jpeg_jpg.rf.7479f8b62712e1d920368d9f4c6974e3.jpg,0.8802567371521519,100116,3326,10293,110409,103442
AUG_oil_spill00251_jpg.rf.b0447a81f3cc05f2ee1630791accdb48.jpg,0.8797620334700892,309217,41110,1151,310368,350327
6312_jpg.rf.a3220378a460a7401b2f0122e172771d.jpg,0.8785216975160937,227632,1281,30195,257827,228913
5fd2d380-7151-4754-98dc-9d1097556ad2_jpg.rf.64a5531e134f218cafb25b3fc4afda47.jpg,0.8772032111943311,156472,18570,3334,159806,175042
train3-45-_jpg.rf.63deb89e6b2df9d3d727bd5849ccc5c2.jpg,0.8760268072320045,341689,45947,2408,344097,387636
5856_jpg.rf.d81bb5cafe3aa9fab0c18407d47498c9.jpg,0.874049010129881,207945,21723,8242,216187,229668
Train1-179-_jpg.rf.0a74f1a169cc09f752c9fdc747fd5416.jpg,0.8737187813364381,129825,4264,14500,144325,134089
16_jpg.rf.ad4dc87b20c50c487baa633759999641.jpg,0.8734537476556615,345568,0,50066,395634,345568
neft_ecologiya-1536x864_jpg.rf.31cf1c314225a7fdc24de656044b1757.jpg,0.8729835705603263,222637,3259,29134,251771,225896
Oil-Pollution_original_oil-25-jpg_7c3bb46c-0bd4-4128-a08b-63eb3198c06d_jpg.rf.1bc75fa822892b938fd017260ea8d288.jpg,0.872004236448247,294754,43265,0,294754,338019
Copy-of-728AA151-D1FB-4A49-8421-EAE1C95B2F49_jpeg_jpg.rf.df6c6985bd5aa70342611f581ddb66ba.jpg,0.8686818261238549,104406,5877,9906,114312,110283
117820723_1727360160764813_2284440271108385604_n_jpg.rf.d05d41c6c3a4447d5f0e1e5b4ff3f9c6.jpg,0.868180370387223,76320,517,11071,87391,76837
3_jpeg_jpg.rf.c2c79c048c9fd34335cc8be3b47ad923.jpg,0.8675366765138308,190590,19085,10016,200606,209675
Train1-178-_jpg.rf.f1c8a57e1aba321d8f4e42d795d00c47.jpg,0.8635607519541149,144839,10728,12156,156995,155567
1579285660_16-24_jpg.rf.934f6cb5040bdd8b66a032c74c8e42a6.jpg,0.8596910219070533,339449,54761,640,340089,394210
05_73_jpg.rf.52389c9f8d855d8030805280d1e8dc42.jpg,0.858168129358865,304793,46687,3687,308480,351480
img-47-_jpg.rf.be694e5ed160191155b62e8dc85b69f8.jpg,0.8569747885235172,103436,3794,13469,116905,107230
240_jpg.rf.28221a6d97d12912daab27e0f378fe93.jpg,0.8567038828518421,206870,33857,745,207615,240727
6254AF97-745A-41E1-8471-791F2F7A2DC2_jpeg_jpg.rf.ae3dc52148ddd1e9b9dad3124f0a29ee.jpg,0.85578695740383,97018,7643,8706,105724,104661
515s5_jpeg_jpg.rf.b8631d57d76fe76c39d6486431c9da9b.jpg,0.8540453209800374,163343,24668,3247,166590,188011
Image_81_jpg.rf.d7428149f8bc3c20687c31901d3b8e82.jpg,0.851776861270194,159439,22165,5580,165019,181604
Train1-185-_jpg.rf.7fb6c4d902b67c815e937506f3dd89a4.jpg,0.8515009187966538,260882,25924,19573,280455,286806
270915_jpg.rf.e5c18d8f9eb6c4fb564671a509992e08.jpg,0.85048828125,348360,0,61240,409600,348360
5832_jpg.rf.65129288dd236ab7023957c03733611e.jpg,0.8497785218513481,219276,9957,28806,248082,229233
F904A701-870D-43B6-AECE-0D845F6DB01D_jpeg_jpg.rf.d6394a9fe5197bfa0ff8f7000b93838e.jpg,0.8493605502598508,160654,23574,4919,165573,184228
192_jpg.rf.6905d06908e4323cd864cf22588bfd5f.jpg,0.8489731246431178,224505,366,39572,264077,224871
Oil-Pollution_original_oil-8-jpg_ec481424-c785-43c7-bdf9-4c4f84e89fe1_jpg.rf.27e3de7378a2928565f339c5365bdf79.jpg,0.8487137263512278,115964,20310,361,116325,136274
OIP-21-_jpg.rf.9b7845cf379188cc63a2144a7ad993b4.jpg,0.8466667542281239,193388,35019,4,193392,228407
1512549269_0_0_2732_2048_1920x0_80_0_0_4cafe26a423ee6ecdf4a22116d32c51c_jpg.rf.dfd506b2177f557b3a7f9662ab97a1de.jpg,0.8458544921875,346462,0,63138,409600,346462
Train1-243-_jpg.rf.6d7cdd9d7f56142096bfc90cd4c244e6.jpg,0.8430406088642903,345156,23822,40440,385596,368978
117334874_167149291548480_1869926664632554801_n_jpg.rf.2faab635c656af0b60bece11ac0fea87.jpg,0.8429517406427145,83126,5494,9993,93119,88620
101300494-jpg-0_jpg.rf.632431cd2e0a25acff219e12b86a32ef.jpg,0.8426145628887521,86293,6488,9630,95923,92781
27_jpg.rf.18b6faf5cf6e721a6ba8c3b09c270fee.jpg,0.8413927689237775,95716,2461,15582,111298,98177
Amoco-Cadiz-scaled_jpg.rf.f72a024b856f5786627fc311e560f0a5.jpg,0.8406888563956627,320822,53817,6979,327801,374639
117107191_645006202783875_8864471644378398849_n_jpg.rf.b74fb6d696b02e2ea8f024a02d0142a0.jpg,0.8402147723596471,174011,32350,742,174753,206361
OIP-9-_jpg.rf.f475b02d181cf9fd7457e5eece42c364.jpg,0.8396096051988693,280103,12082,41426,321529,292185
94123130_159289018877563_3786325641721819244_n_jpg.rf.aa6c37cc35c509ac909752e2a66e1674.jpg,0.8383844809951895,342636,57999,8051,350687,400635
7_jpg.rf.de559034fdce60a94e1d28e4bde77e77.jpg,0.8378637891223337,293192,141,56595,349787,293333
Oil-Pollution_original_oil-4-jpg_efb1146a-5cb9-4515-b2e8-31c74710b4f0_jpg.rf.96e9a84a3d58b890da0fd4fd6acac7c2.jpg,0.837633668799425,300713,57989,301,301014,358702
4690322277_63a65c4ee9_b-1007x567_jpg.rf.47e25ed69a9d9483406b347755671ec5.jpg,0.8367601488959482,214675,18141,23739,238414,232816
_____thumb_fed_photo_jpg.rf.03474d914cc397ab5f4a2143c8e47bec.jpg,0.8365563729931504,230831,43575,1524,232355,274406
Train1-301-_jpg.rf.a99669f7227861253148f21f9dc244c7.jpg,0.8327754294231192,340830,67929,511,341341,408759
Screenshot-65-_png_jpg.rf.a35886f3118d5e8f5f5af8f63a75a976.jpg,0.8321576035171595,99561,11326,8755,108316,110887
80_jpg.rf.5c79aabbfe1de3ce1da8b4034f5fb196.jpg,0.8320262902382553,122540,184,24555,147095,122724
5256_jpg.rf.2dcefb09bbc650c1a7a407a66c3669a9.jpg,0.8301504302654873,242428,1214,48387,290815,243642
4690322277_63a65c4ee9_b-1007x567_jpg.rf.8c3a03e2f725201783f3a5ec079934b6.jpg,0.8286665080055476,201951,38653,3102,205053,240604
Oil-Pollution_original_oil-2-jpg_7292d436-7d59-476d-9e6a-0c0f30d7c234_jpg.rf.48fce9474b4e00e2058496d2a27b9fc8.jpg,0.8277893779330591,40041,1418,6912,46953,41459
Oil-Pollution_original_oil-25-jpg_a2a798c1-9b9f-42e9-b804-dedcb617cecf_jpg.rf.22d9c2d879f9bbda5b339119359b9baf.jpg,0.8272248393527335,74279,1449,14065,88344,75728
samye-krupnye-razlivy-nefti-pohozhie-na-katastrofu-v-norilske-4_jpg.rf.df1c6b6a6f47d8390b816630dcc25750.jpg,0.8267296493871401,60906,8679,4086,64992,69585
264_jpg.rf.e85cf8a7f930b94f6cbda14b4dab84df.jpg,0.8246645170010234,213551,33867,11537,225088,247418
811_jpeg_jpg.rf.822c630918529dae8352ef9efbace7c4.jpg,0.8245835036581601,197684,20016,22038,219722,217700
7512_jpg.rf.e52dd1e13c1582aa1f8df102dae2e66c.jpg,0.8231379832489472,139163,12568,17333,156496,151731
razliv-nefti-u-mavrikija_jpg.rf.ec8be3c4d6258791320858808990b09a.jpg,0.8225854128326643,86267,7756,10850,97117,94023
Oil-Pollution_original_oil-28-jpg_5bae03b3-0c2d-4c31-be3c-1ac7bf1faa91_jpg.rf.3c3d6100d58930ac1c679948d720af04.jpg,0.8205937177987982,141751,28793,2198,143949,170544
o29_2346_jpg.rf.c19db9d8680273cf09e3b461ec3de6f8.jpg,0.8199201016887597,135459,28448,1303,136762,163907
IMG_6041_JPG_jpg.rf.58b32d620c0773e493088b6743ce8449.jpg,0.8190440559081069,286785,62970,391,287176,349755
117413978_382269599405743_8296780881499884029_n_jpg.rf.f2d78b541ed071811c6a11044ec17c6a.jpg,0.8184021524025527,110418,13671,10830,121248,124089
Image_45_jpg.rf.1c3b03989ee661f298e4274ac0551f66.jpg,0.8176965443394276,154256,30517,3874,158130,184773
4968_jpg.rf.10c0b737cc045ada0bbcd5cdb676b329.jpg,0.8169376086275618,266039,1,59614,325653,266040
117107191_645006202783875_8864471644378398849_n_jpg.rf.c5e495bf0c94b839330e1d8f9cf795be.jpg,0.8165289824127386,166349,29848,7530,173879,196197
Image_44_jpg.rf.813cea6374f1128ddca45b6efa55b9d8.jpg,0.8152071779030071,328813,72314,2222,331035,401127
1279770610_doseng-org_oil-spill-in-dalian-09_jpg.rf.ab7c69c4ac5a58a4ff6c21aecf9eb714.jpg,0.8138599086804581,127623,28143,1046,128669,155766
train3-9-_jpg.rf.66757e4f574b22c96e828fe14bd7f19b.jpg,0.8136584633506947,281822,1816,62726,344548,283638
101300494-jpg-0_jpg.rf.02367cef896135ed569f8517f5a5cc05.jpg,0.8110954773869347,80704,1870,16926,97630,82574
persidian2_jpg.rf.b009452767c76309631dfb58e60f9289.jpg,0.807089813421728,100314,21714,2263,102577,122028
5568_jpg.rf.9ef94e0142610de3fdd335c3e36465f2.jpg,0.8066708548029569,247823,19809,39585,287408,267632
117321793_350246802651239_4918285404623436560_n_jpg.rf.2cc971b4c0c1c6849cbd63e4a3bcc105.jpg,0.8043037380184873,113028,10581,16920,129948,123609
8568_jpg.rf.226efb498c8ee74df210c3472e455ac4.jpg,0.8040341549226178,244071,33149,26338,270409,277220
1579285660_16-24_jpg.rf.1bce37680cfdbb226ba9a2a4300672bc.jpg,0.8038282430584824,312776,75706,626,313402,388482
thai_jpg.rf.c78bd26a11e26c83cfc1a6ee69d7dde0.jpg,0.8023638572165952,259596,63940,3,259599,323536
_____thumb_fed_photo_jpg.rf.23d62abd5afe22c9b360cc0b9f42f206.jpg,0.8010008488997252,206643,45666,5672,212315,252309
Oil-Pollution_original_oil-28-jpg_5de386dd-ab9a-4c1e-a310-cfddb9898308_jpg.rf.4830d753bfef24969f2729c7ff0749e3.jpg,0.7974386927323586,205547,48649,3563,209110,254196
6600_jpg.rf.6200d0a7db59173174ee62dcb0c032e6.jpg,0.7973937325473162,177330,36890,8167,185497,214220
Train1-73-_jpg.rf.e465b53fc583fc7adaba7395aa4fa982.jpg,0.7942866425444169,303153,64405,14109,317262,367558
1012_jpg.rf.2b285afdd8845468b6d11e2cd680317f.jpg,0.7929894556853805,13913,2737,895,14808,16650
20884153711_e8e77de781_n_jpg.rf.e99082666d90a53105b29a5cd5cad8c9.jpg,0.79217493402049,152481,33865,6138,158619,186346
B6C91F21-F503-445F-AC7F-A908B69E69CD_jpeg_jpg.rf.7f760c871a4805bf942d4ec1714bfeaa.jpg,0.7917696536718949,189959,16731,33227,223186,206690
6144_jpg.rf.3ff87e10922e46c3e1aef21d4293864b.jpg,0.7895891992786864,199665,21015,32192,231857,220680
52_jpg.rf.f577a4ca6188a0c26d546977926dafef.jpg,0.783276436674424,193192,51663,1791,194983,244855
Screenshot-2023-04-27-174040_jpg.rf.ca4f844771a53ee3781d3b5ac84e4b8d.jpg,0.7820386655811915,174831,27374,21353,196184,202205
5d97cf24077e_jpg.rf.8caf110975e7c4a76afd1b18c0d4068a.jpg,0.7806960819920453,88132,20262,4495,92627,108394
117293683_775752963195785_5574102870762797298_n_jpg.rf.6117a7d2cc9023ba7b06977f98f90d1a.jpg,0.7785963308195109,223106,13726,49717,272823,236832
img-15-_jpg.rf.137a875d50faf94e85d872004a2a20bc.jpg,0.775787798554045,113099,31603,1084,114183,144702
5717aa691900002e0056bb1e_jpeg_jpg.rf.421c738eba7042e982d58b8cb46d3443.jpg,0.7752751187726323,230580,64231,2606,233186,294811
train3-83-_jpg.rf.db495fc47e820f4216763151926b0906.jpg,0.7703773989164703,151014,43312,1700,152714,194326
OIP-37-_jpg.rf.ccfe8869f71ac343acaf929f7ecb69d9.jpg,0.770265757891222,39215,940,10756,49971,40155
1-6-_jpg.rf.c8c73daa55579e96ca455131835857f1.jpg,0.7685604314647819,195086,53327,5420,200506,248413
1116-jan11-815x400-1-_jpg.rf.fa360b7b813b6c4195302df6d504d329.jpg,0.7659030305919854,224899,68325,415,225314,293224
88_jpg.rf.59dbf687253d191bb493892d677f9852.jpg,0.763692613573063,178226,7994,47154,225380,186220
7920_jpg.rf.52536ba8faf9459ccf6e151785f70f24.jpg,0.7633466135458168,203096,34875,28089,231185,237971
OIP-14-_jpg.rf.a0b016db6a8177a3ac091063d5785b22.jpg,0.760892599457094,226205,15846,55238,281443,242051
8760_jpg.rf.d60aa28a9a8c000e78ae3a5cbd40775c.jpg,0.7513360450350733,221288,51986,21252,242540,273274
18_jpg.rf.9931227ddf420c990783604bd53aa59c.jpg,0.7502581694901593,297872,0,99154,397026,297872
Oil-Pollution_original_oil-28-jpg_c9906bba-d0ec-47ae-874a-17023b93ba46_jpg.rf.e776249699cd625f4b7a8cfedc6b9a3b.jpg,0.7501914583868561,306607,102094,4,306611,408701
4968_jpg.rf.ce8dabd11eb952bd8375a8f6c9a300c9.jpg,0.748131845097731,214149,0,72096,286245,214149
istockphoto-1419513730-612x612_jpg.rf.2660778dd0256be53ee7dbc1f92c73d8.jpg,0.746692673319825,197153,61450,5432,202585,258603
1018_jpg.rf.c7c69bcfcf502b4135ba6fac8ffb95f8.jpg,0.746313963573287,13768,2428,2252,16020,16196
istockphoto-521693972-612x612_jpg.rf.f2a32d6a628a6c9c1f96a655c8a87145.jpg,0.7447662564625355,245469,74661,9462,254931,320130
117724828_170807691166270_1285114839091098280_n_jpg.rf.259c87d2f729fb03fd603c7a425d114f.jpg,0.7290839859395518,199325,12309,61757,261082,211634
Image_83_jpg.rf.0e6f2e1eb2fd2d0dcae18954b5e6a1fb.jpg,0.72858154296875,298427,111173,0,298427,409600
OIP-30-_jpg.rf.6642b8673a9f5e00c19e828d7c581131.jpg,0.7274647976739166,286472,106705,618,287090,393177
persidian2_jpg.rf.85eb68ad136a5baee5540a5f222fda19.jpg,0.7260379810816665,100549,36711,1230,101779,137260
117690795_3175281525841984_3107217571586440267_n_jpg.rf.0d7698cf80a2ad40ff5f02d1f5b543f0.jpg,0.7248701280267976,51070,7603,11781,62851,58673
_____thumb_fed_photo_jpg.rf.24aa986f9f4ee77ba63d46c6cf4b9e6c.jpg,0.7213001535354425,262145,95150,6139,268284,357295
bonovye-ograzhdeniya_jpg.rf.ea96e1d36a6b604e665d4031a5a5fe71.jpg,0.7205756314524667,128635,45231,4651,133286,173866
2016_02_10_sba-lax-ewr_010z_jpg.rf.ea807b1c114394dddf81d0be7db19a4c.jpg,0.7199879684977991,169951,44964,21132,191083,214915
6240_jpg.rf.e52bf4ac6ac43814a92442973d7758a6.jpg,0.714681813287391,159294,27278,36316,195610,186572
img-12-_jpg.rf.12b96e04bb6b6d990bbb994a74024327.jpg,0.7137931215735334,135797,15322,39128,174925,151119
1277065168_0_jpg.rf.52d13d0ed139e0e41f4eb07b83206349.jpg,0.7136349020712577,250792,40799,59838,310630,291591
117293683_775752963195785_5574102870762797298_n_jpg.rf.f133b0ba1cb1298b0852cf776618cc4a.jpg,0.711934392771581,210692,13346,71905,282597,224038
117335162_149683463441717_4239526604867259632_n_jpg.rf.887a776fa3199989c209827bc0f8fe0b.jpg,0.7119183513194198,206682,75712,7923,214605,282394
Screenshot-73-_png_jpg.rf.3d867fb3c2a5c7c2689c1e32a46619f3.jpg,0.7109498482149578,113351,6569,39516,152867,119920
1372161483_jpg.rf.45c9132d98806d347886b9a7ce0dfe63.jpg,0.7074706112156834,239043,2336,96505,335548,241379
0a3afeb3a1b14ded88a65487f2126e57_jpeg_jpg.rf.5ad62fd58d64742a1032e61a58c777c7.jpg,0.7067964240461777,160652,26900,39744,200396,187552
6312_jpg.rf.92a607eeb0362e8b0de3cdde1b93c491.jpg,0.7053346844321792,196289,40649,41354,237643,236938
2023-04-27-173711_jpg.rf.d826518ded1aacef262123578e2ce5fc.jpg,0.7025138151479033,25934,8214,2768,28702,34148
117394273_595583608016635_8371791988836130931_n_jpg.rf.dfda4347930bc44f7a8caffd6709dc10.jpg,0.6983263126222355,185671,12028,68181,253852,197699
25484864210_2002049ec8_jpg.rf.1a72be69cd92a8dd6aebba6c225d9f7e.jpg,0.6961112075952298,96197,32352,9643,105840,128549
180_jpg.rf.bd59077f2193522cba11ff9dc9d9d738.jpg,0.6921227775184927,216514,69846,26466,242980,286360
mauritius-videoSixteenByNineJumbo1600_jpg.rf.f0a3f2de86c065e0473964920512ada8.jpg,0.6899479242307932,166274,59727,14994,181268,226001
117264615_1223810107954067_4411610523874366378_n_jpg.rf.c6b45a891d794dbbb58caf0331381387.jpg,0.6877539550182894,74644,31268,2621,77265,105912
117391468_618023022480064_4710771651719795344_n_jpg.rf.1fd3b928a5b784b04e0b5e0925565dee.jpg,0.6867919862388491,188852,71712,14413,203265,260564
117326751_296497461422762_7032561698141121852_n_jpg.rf.a970b785e85e3b3063778bf4b3764a64.jpg,0.6797700948567651,178942,2574,81723,260665,181516
1200x0_jpg.rf.5f791cc91acbb5753a7c078b564a8cb9.jpg,0.6735503314308914,86269,9839,31973,118242,96108
5928_jpg.rf.4ca67063a4e298962a99eb0bcbd41a5a.jpg,0.659579482439926,142733,68402,5265,147998,211135
1372161483_jpg.rf.496e8159f3a83d4a5801fc907063a261.jpg,0.659088075148593,253712,329,130903,384615,254041
gettyimages-1247160123-1024x1024_jpg.rf.e42abba26e9089a89d0ed803a3a450fd.jpg,0.6471069721469332,167602,89738,1662,169264,257340
train3-78-_jpg.rf.6bf1ce3cbba3794e8e98b4292fe22f86.jpg,0.6462891587982378,243810,3371,130065,373875,247181
R-49-_jpg.rf.992d796866c449b006a593476b1e8f8e.jpg,0.6452272354705264,66912,1492,35299,102211,68404
Oil-Pollution_original_oil-28-jpg_c9906bba-d0ec-47ae-874a-17023b93ba46_jpg.rf.f56d994b52e662f387f2329c10a6405a.jpg,0.6447157843172728,231638,127558,91,231729,359196
OIP-32-_jpg.rf.5e48e0df434bc0da63eb3ca6636453d2.jpg,0.6441591697833485,76472,36370,5874,82346,112842
29_jpg.rf.c1db36668b4e54e7cc0790ada1657c60.jpg,0.6440978860545147,165081,77610,13607,178688,242691
25484864210_2002049ec8_jpg.rf.fd17c0256aeca0a28227a47bfbe2c4c7.jpg,0.6437907420820439,78218,34859,8419,86637,113077
utechka-nefti-1-6-990x660_jpg.rf.21e7e698ef9a32a77b450a5471fce3d8.jpg,0.6427480509095755,241143,134005,27,241170,375148
OIP-22-_jpg.rf.67cbf4d99c14e25ef27110d762a73df0.jpg,0.640503430254749,261784,76,146856,408640,261860
1579285665_33-60_jpg.rf.8fc6da1ec90615a409e15944a8eada44.jpg,0.6303946582704522,69675,31025,9826,79501,100700
R-32-_jpg.rf.74c8cd4611611cb4713b5f8a6150ae77.jpg,0.626958922530023,175309,104309,0,175309,279618
8304_jpg.rf.276e3e0160b2ed7239a482757c396bcf.jpg,0.6225003736362278,166606,97140,3894,170500,263746
OIP-37-_jpg.rf.0d7f1f266e8869798fc6bb599eeb0524.jpg,0.6138499117442545,34429,20710,948,35377,55139
Image_27_jpg.rf.803612f7ea0ab2b1b922a4545a2a9b59.jpg,0.6074296954051969,181893,114605,2949,184842,296498
15Greece-oil1-videoSixteenByNineJumbo1600_jpg.rf.e1c3575592022f94207e21eed915c419.jpg,0.6070887091979309,81685,23413,29454,111139,105098
555555555555555555555_jpg.rf.0a994aebcb480505c8201ab18ee1584c.jpg,0.6040375319874893,21244,4630,9296,30540,25874
8952_jpg.rf.86e4b5902504b22e0401c398b537d8ab.jpg,0.6028145319572212,180596,84561,34431,215027,265157
8fe51856cc1fa0f47d087c20d9c54b26_jpg.rf.b540c5b9ebe1cb43183bbd79f13a1329.jpg,0.5947100752446194,59989,35617,5265,65254,95606
train3-52-_jpg.rf.d538497ffb41d6c0d66133797e98705f.jpg,0.5930681091938281,51967,24298,11359,63326,76265
117231433_3463066217071772_2783303239678754220_n_jpg.rf.239df49d585912d2b19e0138734cb4d7.jpg,0.5903006844618637,145492,15116,85863,231355,160608
Train1-311-_jpg.rf.9ea89adc6cfa3fbf3643eebbbf31c31e.jpg,0.5829017402039885,227573,162285,556,228129,389858
25_jpg.rf.e2f1a9212fa659cdd30ae986f0000511.jpg,0.5818546125521245,143163,756,102127,245290,143919
48_jpg.rf.c25037b098996dd50c08e9eb72250cc0.jpg,0.5813451902976408,105120,67612,8090,113210,172732
bonovye-ograzhdeniya_jpg.rf.8f24a9b8f691fd8635218f364d3ebef2.jpg,0.5695565354854814,109528,10649,72127,181655,120177
118404885_1523076524554779_8325770534549389534_n_jpg.rf.ed2560eddfa2158e4626dbb90e26278e.jpg,0.568424375614672,46816,31985,3560,50376,78801
Train1-165-_jpg.rf.7a3d41e6fac20b37cdd6935824d11d4b.jpg,0.5584079212207587,216674,122261,49086,265760,338935
117317147_1171616179875481_74227631758304440_n_jpg.rf.88f14388a8772c69f80c9c94c4b06323.jpg,0.5493859172347078,220351,30812,149923,370274,251163
img-50-_jpg.rf.e5eb67a28a186dd4f6a5b886620c0954.jpg,0.5445933053620705,106175,81086,7701,113876,187261
42_jpg.rf.c4e766c7aaca7e5759ee0c7993ebbe0f.jpg,0.5393773034201796,211040,179398,828,211868,390438
R-38-_jpg.rf.bb377e5a8b7469c0a2883064a130a8bf.jpg,0.5347787146907877,143902,124384,801,144703,268286
150208-A-ZZ999-001_jpg.rf.5db831906fd2f65f103aea6ed3309907.jpg,0.533530089487224,33805,28256,1300,35105,62061
122892850_688042585480074_5670799609135903941_n_jpg.rf.003369efb655858590c1625bee6d2e3e.jpg,0.5253006757235341,148326,8577,125461,273787,156903
train3-28-_jpg.rf.40db14934d4d1f5f50746e0c6cf52da8.jpg,0.5236504907306434,192075,167639,7086,199161,359714
EfHsKXUXkAADef-1-1_jpg.rf.4755ab6b8800d09cff74e424a5c27d11.jpg,0.5234733999715762,44200,35860,4376,48576,80060
177_0i_jpg.rf.848b939c9a075216eaa53daa64590ca9.jpg,0.520377709281276,106360,2572,95458,201818,108932
Oil-Pollution_original_oil-25-jpg_fbd928f2-3b72-4b90-b4e7-82babbf12b67_jpg.rf.90d1d78d68a4867ab9cca671e4916b87.jpg,0.51959681906705,89645,82464,419,90064,172109
Image_48_jpg.rf.140fce4d95a99108391f7b9a6d6bc30b.jpg,0.5163615745990604,57375,38664,15075,72450,96039
7224_jpg.rf.b86aab4a757bacea43483e78743e91af.jpg,0.5151242833264437,57322,45,53911,111233,57367
128460683_213118893540112_8305740762427379395_n_jpg.rf.f1a64b1888ab2470a4fc6529e8741fcd.jpg,0.5116165417208316,52344,49353,614,52958,101697
HNLIKesm0Pp9ip0IWqCj4A_jpg.rf.80bd3c1d0fe24db4be260de53940eaab.jpg,0.5047523793547652,159475,156152,320,159795,315627
9168_jpg.rf.01749cf98c77cedb431b4486672af880.jpg,0.49637575228295333,130728,87519,45118,175846,218247
SPILL-jumbo_jpg.rf.6aef80948b717c7dedad8451178eb147.jpg,0.49472896846731024,63495,44571,20277,83772,108066
117342277_775772256559059_1456781199101428111_n_jpg.rf.c24c8e6933738f5012e234578311d7ae.jpg,0.4928292211446496,195289,669,200303,395592,195958
118404885_1523076524554779_8325770534549389534_n_jpg.rf.ff9172d97db9e59f3a725d94722631b0.jpg,0.4868974474249463,48736,45149,6210,54946,93885
EfHsKXUXkAADef-1-1_jpg.rf.db612bbad643c09f4a775e585e83b2d0.jpg,0.476743363833067,33711,34448,2552,36263,68159
75596d73f95923bb2c8998eb83cc0d7d_jpg.rf.c23949309840f6cfd3cc3966fd23bdfd.jpg,0.46853055025862955,164130,115766,70412,234542,279896
1579285660_16-24_jpg.rf.d5e94467a99ccf8df6e658115e6719c8.jpg,0.46526537632447523,183677,210081,1021,184698,393758
5880_jpg.rf.d8c70211a3320eaf4215477a88fa7a62.jpg,0.432657926102503,103092,126426,8758,111850,229518
117112323_182838453277841_6709268126939400329_n_jpg.rf.f653f1ca6749aa09aaedb54f75f0dbf4.jpg,0.43259818771795183,64259,72807,11476,75735,137066
Red-Tide_jpg.rf.7725403818d591b9fe7fb6d57da7814e.jpg,0.4297876731766466,99954,132515,97,100051,232469
7032_jpg.rf.1a7774be18fbe162e7e109c91230459e.jpg,0.4275815193404304,48439,527,64320,112759,48966
gulf-oil-spill_jpg.rf.0ba4b32426462528bd58c0f2503bb781.jpg,0.42399400417566335,118801,156909,4485,123286,275710
train3-23-_jpg.rf.90a5263a712fe8618cd213e4f3d44c9f.jpg,0.42321985378176913,135865,185162,0,135865,321027
122421535_685880622057753_4567114025378900446_n_jpg.rf.1a235a55f99f9f4df8715f24eb5534e4.jpg,0.41818623875516653,63640,6546,81995,145635,70186
2_21_jpg.rf.188cf268fdb0fa61a31f4bb73dc7214a.jpg,0.4150746137254039,37717,37428,15723,53440,75145
R-70-_jpg.rf.ac8a1d737140dd42a94ed34ade69e2c7.jpg,0.4084421741146201,97788,28257,113372,211160,126045
Screenshot-2023-04-27-174750_jpg.rf.6524d0e3ab0c592370561193179588de.jpg,0.40699720920998883,106606,2256,153071,259677,108862
10_jpg.rf.af8e0fbaffefd270054d5c951d364044.jpg,0.3858707690548835,54003,910,85038,139041,54913
651651ecc617d72dc22c7fc048e9d726_jpg.rf.35e44a3da498e7af92b849b4f5a90d5b.jpg,0.38104820962236285,155835,252486,643,156478,408321
Oil-Pollution_original_oil-4-jpg_be8f278e-d315-40a9-a98b-51112df19d37_jpg.rf.dff8a80a4a3d5c04260c6be743d5ba39.jpg,0.3808273635080864,56137,90642,629,56766,146779
train3-23-_jpg.rf.1b02c0c3fcf4a99abdd857c8fb3a0733.jpg,0.33374640255208105,106921,213383,62,106983,320304
Oil-Pollution_original_oil-4-jpg_be8f278e-d315-40a9-a98b-51112df19d37_jpg.rf.e7b67b0bbbb8d66e91444464a5e5a538.jpg,0.3304300421550845,131529,265746,779,132308,397275
train3-17-_jpg.rf.1acc67b0ad3bfec9e12fe7acf27dc817.jpg,0.318724166437035,23133,43171,6276,29409,66304
train3-22-_jpg.rf.0069c1e48b4ffb75736bba0a3443ef4c.jpg,0.2843499868659817,94177,236394,630,94807,330571
Screenshot-2023-04-27-174632_jpg.rf.59e5d8efae45ecd032137f8620a7a2ec.jpg,0.2788735033899483,92260,236988,1583,93843,329248
76_jpg.rf.baaeec822c31fbb63932f1c0840322dd.jpg,0.2655673585492689,53775,147533,1183,54958,201308
wet_desert_by_blaisjocelyn-d91ul0c_jpg.rf.70a1d817af426a927395bb28032a1ecc.jpg,0.2459730261804719,41856,126498,1811,43667,168354
diesel_jpg.rf.03b6404830186c7b484b3ee0bd644975.jpg,0.24274111181362773,29946,93378,42,29988,123324
OIP-2-_jpg.rf.28d14a235dd332cad40e28e39d65d68c.jpg,0.23261678700887262,47873,156259,1670,49543,204132
5712_jpg.rf.8ae8da0ba67abc6c371f42811808693d.jpg,0.22102897977770994,44168,150819,4842,49010,194987
aHR0cHM6Ly9zLmlzYW5vb2suY29tL25zLzAvdWQvMjM5LzExOTk2NjIvbmV3czAzLTEuanBn_jpg.rf.7c764a0385f4039373afc59f9c8b512a.jpg,0.18267170993842802,44769,200303,7,44776,245072
chi-bp-oil-spill-20150419_jpg.rf.69d2bab4bdf6243b55c263c6a4e0b461.jpg,0.15349183234139546,38788,210309,3607,42395,249097
neft_ecologiya-1536x864_jpg.rf.1bb8905dadb5058b66d2b20db847d5ae.jpg,0.13897015406087282,41422,256642,0,41422,298064
unnamed-1-_jpg.rf.68aab37f07279d011e09ad82f7a6de82.jpg,0.12972849274444587,41383,277611,3,41386,318994
1579285665_33-60_jpg.rf.30fae2b067a5e6beb85c3656241a0874.jpg,0.12660848159337584,15841,105491,3786,19627,121332
OIP-28-_jpg.rf.12d5a74e6db6a34c916d4d54b9289e72.jpg,0.12489402011786009,35796,120764,130051,165847,156560
5808_jpg.rf.0fc1de353c1998e6c76625c5a025d51a.jpg,0.12123737778490143,30256,215151,4153,34409,245407
22_jpg.rf.3a7e28c34c372bc76b02f98926fd3c59.jpg,0.11290459159784418,45333,353071,3112,48445,398404
101300494-jpg-0_jpg.rf.d960d213046e465b953c8046cfde1099.jpg,0.08804911323328786,22589,221400,12561,35150,243989
west_atlas_oil_spill_1_399511_jpg.rf.1df12334954b1e3095f47e72baf91478.jpg,0.08799193899201889,19823,202532,2927,22750,222355
116791527_673230759936707_1908557071451096224_n_jpg.rf.9a716e461ec1b6fd13d42eb8f1e6992f.jpg,0.08446310686654804,19793,214546,0,19793,234339
1-s2-0-S0025326X20300795-ga1_jpg.rf.146acb49222beff322771e6a18d1c5ee.jpg,0.06533953510589387,21886,313072,0,21886,334958
Train1-199-_jpg.rf.433eef80f5c58369ef63f6b48ee6e06b.jpg,0.06466496865203762,26404,381916,0,26404,408320
101300494-jpg-0_jpg.rf.a7178ce9039f08ca7c1e94bfc246fc2d.jpg,0.044749595607354684,14026,256893,42514,56540,270919
gettyimages-1227973373-612x612_jpg.rf.4b248663e589b7c46fbf4b288cb4c9c4.jpg,0.03914935358921475,6226,152748,58,6284,158974
Screenshot-2023-04-27-174632_jpg.rf.7e86881adb602d4ee69cf411052e61cb.jpg,0.02833319669268912,9331,320000,0,9331,329331
Capture_JPG_jpg.rf.e6a8b325e4a5c7f5bb2c1ecc8249f64e.jpg,0.024603332466300473,9648,382482,12,9660,392130
118254875_723341958218228_9177394483318947486_n_jpg.rf.5308782e8573591fabc1943210259434.jpg,0.002623682446840919,689,230774,31145,31834,231463
117536352_223729965661888_4203326571010316604_n_jpg.rf.22c6252d7ceb63deb12794d4e23a0534.jpg,0.0,0,0,38236,38236,0
Oil-Pollution_original_oil-1-jpg_e676bc44-8c41-4586-ad96-8a07e167f8af_jpg.rf.6db938c465b1b941f468544e4e30c5e7.jpg,0.0,0,48786,16634,16634,48786
78_jpg.rf.4d77302c4f842bddce34a41341072d1b.jpg,0.0,0,403352,0,0,403352
31_jpg.rf.e6639f0932d897e14a14811b21eec845.jpg,0.0,0,0,61059,61059,0
Oil-Pollution_original_oil-1-jpg_e676bc44-8c41-4586-ad96-8a07e167f8af_jpg.rf.c926bd9fadf276ad8dc2bf31d17c16a2.jpg,0.0,0,0,26594,26594,0
Train1-177-_jpg.rf.4bdae53753002c0eb32019fe0bf0b3ea.jpg,0.0,0,0,409088,409088,0
diesel_jpg.rf.7b65892653711f88bebdfc982a52ffd3.jpg,0.0,0,0,29729,29729,0
