paper_id,title,authors,year,venue,doi,category,modality,dataset,dataset_size,labels,method,task,metrics,main_findings,limitations,petrovision_relevance,source_url,included
P01,Intelligent WSN Sensor Node for Oil Spill Detection and Classification: A TinyML and IoT Approach,Yan Ferreira da Silva; Raimundo Carlos Silvério Freire; João Viana da Fonseca Neto,2026,IEEE Access,10.1109/ACCESS.2026.3703356,Sensor + ML,Water-quality sensors; WSN; ESP32,Sensor dataset described in the paper,"1,984 instances; 7,936 readings; 80-sample independent test set",Petroleum-derivative class; source algorithm specifies gasoline=0 and diesel=1,MLP; RBF; SVM-RBF; NLR,Detection and classification of petroleum derivatives in aquatic environments,Accuracy 85%; F1 87.32%; 5-fold cross-validation; embedded cost metrics,Source reports 85% overall accuracy and 87.32% F1; presents an ESP32/TinyML architecture and Deep Sleep energy optimization.,Controlled experimental setting; the source paper's preprocessing descriptions contain methodological details that require careful interpretation when independently implementing.,Direct foundation for PetroVision's sensor-data ML component and 8th-semester hardware direction.,https://doi.org/10.1109/ACCESS.2026.3703356,Yes
P02,"LADOS: Aerial Imagery Dataset for Oil Spill Detection, Classification, and Localization Using Semantic Segmentation",Rizwan Z. W. N. Z. [full author list verified from publisher record],2025,Data,10.3390/data10070117,Computer Vision / Dataset,RGB aerial imagery,LADOS,"3,388 RGB images; reported split 2,370 train / 675 validation / 343 test",Oil; emulsion; sheen; ship; oil-platform; background,Semantic segmentation benchmark dataset,"Oil-spill detection, classification, and localization",Dataset paper; benchmark metrics should be recorded only after verifying the specific experiment,Provides a public RGB aerial dataset with pixel-level annotations for oil-related semantic segmentation.,Aerial imagery differs from close-range webcam imagery; domain shift must be evaluated rather than assumed away.,Strong candidate dataset for PetroVision's computer-vision/segmentation experiments.,https://doi.org/10.3390/data10070117,Yes
P03,Pixel-level detection and classification of marine oil spills in aerial imagery with annotation uncertainty handling,Luiz G.C. Tavares; Wesley L. Passos; Bruno C. Martins; Mauricio de P. Rodrigues; Eduardo A.B. da Silva; Sergio L. Netto,2026,Marine Pollution Bulletin,10.1016/j.marpolbul.2025.118975,Computer Vision / Segmentation,RGB aerial imagery,Two pixel-level RGB image datasets developed in the study,Not entered here because the verified abstract source does not provide the complete counts,Binary oil presence and multiclass visual oil-type categories; undefined/ambiguous regions are considered,U-Net semantic segmentation with multiple backbones and uncertainty-aware training,Pixel-level oil detection and visual oil-type classification,Binary mIoU 0.738; multiclass mIoU 0.351; binary accuracy 86.9%; multiclass accuracy 81.6%,Source reports U-Net-based semantic segmentation and explicitly studies annotation uncertainty and visually ambiguous regions.,Performance is tied to the study datasets and aerial/RGB domain; external generalization remains an important consideration.,Direct methodological support for PetroVision's CNN segmentation component and its treatment of visual ambiguity.,https://doi.org/10.1016/j.marpolbul.2025.118975,Yes
P04,"A dataset of drone-captured, segmented images for oil spill detection in port environments",T. De Kerf; S. Sels; S. Samsonova; S. Vanlanduit,2024,Scientific Data,10.1038/s41597-024-03993-8,Computer Vision / Dataset,RGB drone imagery,Annotated port-environment oil-spill dataset,"1,268 images",Oil; water; other,U-Net,Oil-spill segmentation/detection,"F1 score 0.71 for oil detection, as reported by the source",Provides an annotated RGB dataset captured by drone in a port environment and demonstrates U-Net-based oil detection.,Port/drone imagery may not represent close-range webcam conditions; dataset size and environment are narrower than broad marine monitoring.,Useful alternative/validation dataset for RGB segmentation and domain-shift analysis.,https://doi.org/10.1038/s41597-024-03993-8,Yes
P05,Monitoring offshore oil pollution using multi-class convolutional neural networks,Verify complete author list from the original publisher record before final manuscript use,2021,Environmental Pollution,10.1016/j.envpol.2021.117884,Computer Vision,Remote sensing imagery,Paper-specific offshore oil-pollution imagery,,,VGG16; Mask R-CNN; PSPNet,Classification and segmentation of offshore oil pollution,VGG16 accuracy 92%; Mask R-CNN mIoU 49%; PSPNet mIoU 68%,The study evaluates CNN classification and segmentation approaches for offshore oil pollution; source reports 92% VGG16 classification accuracy and the stated segmentation mIoU values.,Exact dataset composition and complete bibliographic metadata should be checked in the original paper before final manuscript citation.,Useful established computer-vision reference for distinguishing image classification from pixel-level segmentation.,https://doi.org/10.1016/j.envpol.2021.117884,Yes
P06,"A Review of Artificial Intelligence and Remote Sensing for Marine Oil Spill Detection, Classification, and Thickness Estimation",Shaokang Dong; Jiangfan Feng; Zhujun Gu; Kuan Yin; Ying Long,2025,Remote Sensing,10.3390/rs17223681,Remote Sensing / Review,SAR; optical; multispectral; hyperspectral; other remote-sensing imagery,Review of publicly available datasets and studies,Not applicable,Not applicable,Review of AI methods for remote sensing,"Oil-spill detection, classification, and thickness estimation",Not applicable,"Reviews AI and remote-sensing methods, datasets, detection/classification tasks, thickness estimation, and multi-source data fusion.",A review paper does not itself provide a new experimental dataset for PetroVision.,Important source for the survey paper and for positioning SAR/remote sensing relative to RGB and sensor approaches.,https://doi.org/10.3390/rs17223681,Yes
P07,"Remote sensing for marine oil spill detection, mapping, and monitoring: A systematic review and bibliometric analysis",Bijeesh Kozhikkodan Veettil; Nurzada Amangeldy; Juliana Costi; Vikram Puri,2026,Marine Pollution Bulletin,10.1016/j.marpolbul.2026.120028,Remote Sensing / Systematic Review,"Remote sensing, including SAR and optical modalities",Bibliographic corpus,"2,856 studies analyzed for 2000–2026",Not applicable,Systematic review and bibliometric analysis,"Review of oil-spill detection, mapping, and monitoring literature",Bibliometric analysis; no model-performance metric applicable,"Maps research trends and discusses SAR, optical sensing, deep learning, data scarcity, and transferability challenges.",Secondary research; it should support contextual analysis rather than substitute for primary experimental papers.,Useful high-level source for the survey paper's remote-sensing landscape and research-gap discussion.,https://doi.org/10.1016/j.marpolbul.2026.120028,Yes
P08,A Deep-Learning Framework for the Detection of Oil Spills from SAR Data,Full author list should be copied from the original article before final manuscript use,2021,Sensors,10.3390/s21072351,Remote Sensing / SAR,Sentinel-1 SAR,Sentinel-1 oil-spill dataset,310 images,Oil spill; look-alike; ship; land; sea,Deep-learning classification/segmentation framework,Oil-spill detection from SAR,Record numerical metrics only from the full paper if used in the final review,Uses Sentinel-1 SAR imagery with multi-class masks distinguishing oil spills and look-alikes among other scene classes.,SAR look-alikes remain a major challenge; dataset/domain limitations should be considered for transfer.,Strong remote-sensing comparison point for the survey paper and future SAR extension.,https://doi.org/10.3390/s21072351,Yes
P09,Large-Scale Detection and Categorization of Oil Spills from SAR Images with Deep Learning,Verify complete author list from publisher record before final manuscript use,2020,Remote Sensing,10.3390/rs12142260,Remote Sensing / SAR,Sentinel-1 SAR,KSAT Sentinel-1 oil-spill dataset,713 Sentinel-1 products,"Binary oil-spill/non-oil-spill pixel masks; non-oil includes clean sea, land, ships and look-alikes",Deep learning,Large-scale oil-spill detection and categorization,Verify benchmark metrics from the original paper before final numerical comparison,Uses Sentinel-1 scenes with expert-generated binary oil-spill masks and treats look-alikes as part of the non-oil class.,Binary labeling and SAR-specific appearance make direct comparison with RGB close-range imagery inappropriate.,"Important for explaining SAR datasets, look-alikes and the difference between remote sensing and close-range RGB vision.",https://doi.org/10.3390/rs12142260,Yes
P10,Ocean oil spill detection from SAR images based on multi-channel deep learning semantic segmentation,Rogelio Hasimoto-Beltran; Mario Canul-Ku; Guillermo M. Díaz Méndez; Francisco J. Ocampo-Torres; Bernardo Esquivel-Trava,2023,Marine Pollution Bulletin,10.1016/j.marpolbul.2023.114651,Remote Sensing / SAR,SAR + derived variance + wind-field map,Study-specific multichannel SAR dataset,,"Oil spills, look-alikes and complex oil shapes",Multichannel Deep Neural Network (M-DNN),Semantic segmentation of ocean-surface oil spills,Verify numerical benchmark metrics from full paper before final review,"Uses three input channels: original SAR image, derived variance, and derived wind-field map.",Requires SAR and auxiliary geophysical information; not directly transferable to RGB webcam input.,Useful example of multimodal feature construction within remote sensing and a bridge to PetroVision's future multimodal direction.,https://doi.org/10.1016/j.marpolbul.2023.114651,Yes
P11,A self-evolving deep learning algorithm for automatic oil spill detection in Sentinel-1 SAR images,Chenglei Li; Duk-jin Kim; Soyeon Park; Junwoo Kim; Juyoung Song,2023,Remote Sensing of Environment,10.1016/j.rse.2023.113872,Remote Sensing / SAR,Sentinel-1 SAR,Study-specific SAR oil-spill scenes and generated training data,"27 new training samples generated after 21 self-evolving cycles, as reported by the source",Oil slicks and look-alikes,Self-evolving deep-learning framework,Automatic oil-spill detection,F1 increased from 0.8423 to 0.8896 after 21 self-evolving cycles,Automatically generates additional training data and updates the model to address challenging SAR look-alikes.,Method is SAR-specific and depends on adaptive thresholding and the quality of generated training data.,"Useful for the literature discussion on data scarcity, hard negatives and iterative model improvement.",https://doi.org/10.1016/j.rse.2023.113872,Yes
P12,Marine oil spill detection and segmentation in SAR data with two steps Deep Learning framework,Rubicel Trujillo-Acatitla; José Tuxpan-Vargas; Cesaré Ovando-Vázquez; Erandi Monterrubio-Martínez,2024,Marine Pollution Bulletin,10.1016/j.marpolbul.2024.116549,Remote Sensing / SAR,Sentinel-1 SAR,Study-specific Sentinel-1 dataset,,Oil spill and look-alike segmentation,CNN classification + U-Net segmentation,Oil-spill detection and segmentation,"Source reports 99% classification accuracy, 96% U-Net IoU in the optimized setting, and 95% overall accuracy/90% IoU for the proposed framework",Uses a two-step classification and segmentation approach designed to reduce false positives from look-alikes.,SAR-specific; reported performance should not be transferred to RGB/webcam conditions without external validation.,Strong comparison for the segmentation architecture and for explaining the classification-versus-segmentation distinction.,https://doi.org/10.1016/j.marpolbul.2024.116549,Yes
P13,Deep Learning-Based Detection of Oil Spills in Pakistan’s Exclusive Economic Zone from January 2017 to December 2023,Verify complete author list from publisher record before final manuscript use,2024,Remote Sensing,,Remote Sensing / SAR,Sentinel-1 SAR VV,Pakistan EEZ Sentinel-1 dataset,"1,112 retained SAR images; 1,002 training and 110 test images",Sea surface; land; oil spill; look-alikes; ships,Deep learning,Oil-spill detection,Verify benchmark metrics from the original paper before final numerical comparison,Builds a multi-class annotated Sentinel-1 VV dataset for oil-spill detection in Pakistan's EEZ.,Regional dataset; transferability to other regions and to RGB imagery requires validation.,Useful evidence for regional/domain-shift issues in oil-spill datasets.,https://www.mdpi.com/2072-4292/16/13/2432,Yes
P14,"Sentinel-1 SAR Oil spill image dataset for train, validate, and test deep learning models. Part I",Rubicel Trujillo-Acatitla; José Tuxpan-Vargas; Cesaré Ovando-Vázquez; Erandi Monterrubio-Martínez,2024,Zenodo dataset,10.5281/zenodo.8346860,Remote Sensing / Dataset,Sentinel-1 SAR,Sentinel-1 SAR Oil spill image dataset — Part I,"1,200 oil-spill training/validation images with corresponding masks",Binary oil-spill masks,Dataset for deep-learning training/validation,Oil-spill detection and segmentation,Not applicable,"Provides 1,200 Sentinel-1 SAR Sigma0 images and corresponding ground-truth masks for oil spills.",SAR modality; this is not an RGB dataset and should not be treated as a direct substitute for the LADOS-type data.,Useful dataset reference for the survey paper and possible future SAR experimentation.,https://zenodo.org/records/8346860,Yes
P15,Oil Spill Segmentation Dataset (800x600),Garcia-INPE dataset repository,2026,GitHub dataset repository,,Remote Sensing / Dataset,Sentinel-1 SAR,Oil Spill Segmentation Dataset,"173 image-mask triplets, 800×600 px",SEA background; SLICK oil spill or seepage,Dataset with classical and TinyUNet baselines,Binary oil-spill/seepage segmentation,Repository provides reproducible baseline pipelines,Public CC BY 4.0 dataset covering the Cantarell region of the Gulf of Mexico from January–September 2020.,Small regional SAR dataset; oil spill and seepage are combined in the positive class.,Potential future benchmark for SAR segmentation and reproducibility studies.,https://github.com/Garcia-INPE/oilspill-detection-dataset,Yes
P16,Handheld UV fluorescence spectrophotometer device for the classification and analysis of petroleum oil samples,Verify complete author list from publisher record before final manuscript use,2020,Biosensors and Bioelectronics,10.1016/j.bios.2020.112193,Sensor + ML,UV fluorescence spectroscopy,Petroleum oil samples/spectra,,Petroleum oil sample classes,Machine learning + UV fluorescence spectroscopy,On-site petroleum oil classification and analysis,Verify numerical benchmark metrics from the full paper before final review,Demonstrates a handheld Raspberry Pi-based device using UV fluorescence spectra and machine learning for rapid oil-spill sample classification.,Spectroscopic sensing is different from the water-quality sensor variables used in PetroVision's base paper.,Useful sensor/ML comparison showing another route to petroleum classification and the distinction between chemical/spectroscopic sensing and ordinary RGB vision.,https://doi.org/10.1016/j.bios.2020.112193,Yes
