paper_id,title,category,primary_relevance,meets_scope,primary_research_area,study_type,full_text_needed,inclusion_decision,exclusion_reason,priority,notes
P01,Intelligent WSN Sensor Node for Oil Spill Detection and Classification: A TinyML and IoT Approach,Sensor + ML,Core,Yes,Sensor-based ML,Experimental,No,Include,,High,Direct 2026 IEEE base paper for petroleum-derivative detection using water-quality variables and embedded ML.
P02,"LADOS: Aerial Imagery Dataset for Oil Spill Detection, Classification, and Localization Using Semantic Segmentation",Computer Vision / Dataset,Core,Yes,Computer vision,Dataset,No,Include,,High,Public RGB aerial dataset with pixel-level oil-related annotations; strong candidate for segmentation experiments.
P03,Pixel-level detection and classification of marine oil spills in aerial imagery with annotation uncertainty handling,Computer Vision / Segmentation,Core,Yes,Computer vision,Experimental,No,Include,,High,"Directly relevant to RGB pixel-level segmentation, U-Net comparison, and annotation uncertainty."
P04,"A dataset of drone-captured, segmented images for oil spill detection in port environments",Computer Vision / Dataset,Core,Yes,Computer vision,Dataset,No,Include,,High,Public RGB drone dataset with segmentation masks; useful for validation/domain-shift analysis.
P05,Monitoring offshore oil pollution using multi-class convolutional neural networks,Computer Vision,Core,Yes,Computer vision,Experimental,No,Include,,High,"Direct classification-versus-segmentation comparison using VGG16, Mask R-CNN and PSPNet."
P06,"A Review of Artificial Intelligence and Remote Sensing for Marine Oil Spill Detection, Classification, and Thickness Estimation",Remote Sensing / Review,Background,Yes,Remote sensing,Review,No,Include,,Medium,"Broad review useful for survey framing, modalities, datasets and research gaps; not primary experimental evidence."
P07,"Remote sensing for marine oil spill detection, mapping, and monitoring: A systematic review and bibliometric analysis",Remote Sensing / Systematic Review,Background,Yes,Remote sensing,Systematic Review,No,Include,,High,High-level systematic/bibliometric context for the survey paper.
P08,A Deep-Learning Framework for the Detection of Oil Spills from SAR Data,Remote Sensing / SAR,Supporting,Yes,SAR,Experimental,No,Include,,Medium,Relevant SAR deep-learning detection/segmentation study; supports comparison with RGB approaches.
P09,Large-Scale Detection and Categorization of Oil Spills from SAR Images with Deep Learning,Remote Sensing / SAR,Supporting,Yes,SAR,Experimental,No,Include,,Medium,Large-scale SAR segmentation/categorization reference; useful for remote-monitoring context.
P10,Ocean oil spill detection from SAR images based on multi-channel deep learning semantic segmentation,Remote Sensing / SAR,Supporting,Yes,SAR + auxiliary data,Experimental,No,Include,,Medium,"Important multimodal remote-sensing example using SAR, variance and wind-field channels."
P11,A self-evolving deep learning algorithm for automatic oil spill detection in Sentinel-1 SAR images,Remote Sensing / SAR,Supporting,Yes,SAR,Experimental,No,Include,,High,"Useful for data scarcity, hard negatives/look-alikes and iterative training discussion."
P12,Marine oil spill detection and segmentation in SAR data with two steps Deep Learning framework,Remote Sensing / SAR,Supporting,Yes,SAR,Experimental,No,Include,,High,Direct classification-plus-segmentation comparison; relevant to the distinction between detection and segmentation.
P13,Deep Learning-Based Detection of Oil Spills in Pakistan’s Exclusive Economic Zone from January 2017 to December 2023,Remote Sensing / SAR,Supporting,Yes,SAR,Experimental,No,Include,,Medium,Regional SAR dataset/study useful for domain shift and geographic generalization discussion.
P14,"Sentinel-1 SAR Oil spill image dataset for train, validate, and test deep learning models. Part I",Remote Sensing / Dataset,Supporting,Yes,SAR,Dataset,No,Include,,Medium,Public dataset useful for reproducibility and future SAR benchmarking.
P15,Oil Spill Segmentation Dataset (800x600),Remote Sensing / Dataset,Supporting,Yes,SAR,Dataset,No,Include,,Medium,"Small public SAR image-mask dataset; useful as an additional reproducibility benchmark, not an RGB substitute."
P16,Handheld UV fluorescence spectrophotometer device for the classification and analysis of petroleum oil samples,Sensor + ML,Supporting,Yes,Spectroscopic sensing + ML,Experimental,No,Include,,Medium,Shows an alternative petroleum-specific sensing modality and helps distinguish chemical/spectroscopic sensing from RGB vision.
